{
  "PM07": [
    {
      "Что включает в себя антивирусная профилактика сервера?": "Установка и регулярное обновление антивирусного ПО"
    },
    {
      "Какой из перечисленных методов является эффективным для предотвращения вирусных атак на сервер?": "Регулярное сканирование сервера на наличие вредоносных программ"
    },
    {
      "Что рекомендуется делать с антивирусными базами данных?": "Регулярно обновлять для защиты от новых угроз"
    },
    {
      "Какой из перечисленных инструментов лучше всего подходит для мониторинга активности вирусов на сервере?": "Антивирусное программное обеспечение"
    },
    {
      "Какой из способов минимизирует риск заражения сервера?": "Ограничение прав доступа к серверу"
    },
    {
      "Как часто рекомендуется проводить полное сканирование сервера антивирусным ПО?": "Раз в неделю"
    },
    {
      "Какую роль играет настройка брандмауэра в антивирусной профилактике сервера?": "Брандмауэр блокирует вредоносный сетевой трафик"
    },
    {
      "Что следует делать с подозрительными вложениями в электронной почте?": "Удалять или сканировать антивирусным ПО"
    },
    {
      "Какие из перечисленных действий помогут уменьшить риск заражения сервера вредоносным ПО?": "Регулярное обновление операционной системы"
    },
    {
      "Какой тип сканирования антивирусного ПО подходит для быстрого выявления угроз?": "Поверхностное или экспресс-сканирование"
    },
    {
      "Какую основную роль выполняет Windows Server в сети?": "Обеспечение сетевых сервисов и управление ресурсами"
    },
    {
      "Какая версия Windows Server впервые включила поддержку PowerShell?": "Windows Server 2008"
    },
    {
      "Какой компонент Windows Server используется для управления политиками групп (Group Policy)?": "Active Directory"
    },
    {
      "Что делает роль DHCP-сервера в Windows Server?": "Назначает IP-адреса устройствам в сети"
    },
    {
      "Какая функция используется для виртуализации на Windows Server?": "Hyper-V"
    },
    {
      "Какое оборудование используется для тестирования кабелей на соответствие стандартам?": "Сертификационный тестер"
    },
    {
      "Какой параметр измеряет длину кабеля в процессе диагностики?": "Временная задержка (TDR)"
    },
    {
      "Что измеряет параметр NEXT (Near-End Crosstalk) в кабельных системах?": "Перекрестные помехи между парами кабеля"
    },
    {
      "Как называется инструмент, используемый для определения местоположения разрыва кабеля?": "Кабельный тестер с функцией TDR"
    },
    {
      "Какой стандарт описывает требования к тестированию витой пары категории 6?": "ANSI/TIA-568"
    },
    {
      "Какое устройство используется для сертификации волоконно-оптических кабелей?": "Оптический рефлектометр (OTDR)"
    },
    {
      "Какой параметр проверяется при сертификации медных кабелей для передачи данных?": "Пропускная способность и затухание сигнала"
    },
    {
      "Что такое \"отражение сигнала\" в кабельных системах?": "Возврат части сигнала к источнику из-за несоответствия импеданса"
    },
    {
      "Как называется прибор, который позволяет проверить целостность кабеля?": "Тестер целостности кабеля"
    },
    {
      "Что является ключевым фактором при выборе сертификационного тестера для кабельных систем?": "Соответствие требованиям стандартов"
    },
    {
      "Какой этап установки операционной системы идет первым?": "Загрузка установочного носителя"
    },
    {
      "Что необходимо сделать перед установкой новой операционной системы на компьютер?": "Создать резервную копию данных"
    },
    {
      "Какой из перечисленных носителей обычно используется для установки операционной системы?": "Любой из перечисленных"
    },
    {
      "Что делает пользователь на этапе выбора раздела для установки операционной системы?": "Указывает файловую систему и форматирует раздел"
    },
    {
      "Какой файловой системе отдается предпочтение при установке Windows?": "NTFS"
    },
    {
      "Какой инструмент позволяет создавать загрузочные носители для установки операционной системы?": "Rufus"
    },
    {
      "Что обычно требуется для установки лицензионной версии Windows?": "Ключ активации продукта"
    },
    {
      "Какой параметр нужно настроить в BIOS/UEFI перед установкой операционной системы с флешки?": "Выбор загрузочного устройства"
    },
    {
      "Что происходит на этапе \"завершения установки\" операционной системы?": "Первая загрузка системы и создание учетной записи"
    },
    {
      "Какую команду можно использовать в Windows для проверки версии установленной операционной системы?": "winver"
    },
    {
      "Что такое системные программы?": "Программы, управляющие работой компьютера и его оборудования"
    },
    {
      "Какая из программ является примером операционной системы?": "Linux"
    },
    {
      "Что из перечисленного относится к системным утилитам?": "Антивирус"
    },
    {
      "Какая программа позволяет управлять файлами и папками в операционной системе?": "Файловый менеджер"
    },
    {
      "Какую функцию выполняют драйверы?": "Управляют взаимодействием операционной системы с оборудованием"
    },
    {
      "Что такое утилита для дефрагментации диска?": "Программа для улучшения производительности диска путем оптимизации хранения данных"
    },
    {
      "Какая программа позволяет создавать резервные копии данных?": "Программа для резервного копирования"
    },
    {
      "Что из перечисленного относится к инструментальным программам?": "Среда разработки программного обеспечения (IDE)"
    },
    {
      "Какая системная утилита используется для диагностики ошибок в аппаратном обеспечении?": "Тест памяти (Memory Diagnostic Tool)"
    },
    {
      "Какая системная программа управляет распределением ресурсов между приложениями?": "Ядро операционной системы"
    },
    {
      "Что из перечисленного является примером инструментальной программы?": "Visual Studio"
    },
    {
      "Какая утилита используется для мониторинга состояния системы?": "Task Manager (Диспетчер задач)"
    },
    {
      "Какая программа используется для управления загрузочными секторами операционной системы?": "Bootloader"
    },
    {
      "Что такое средство восстановления системы?": "Утилита для отката системы к предыдущему состоянию"
    },
    {
      "Какая системная программа позволяет выполнять команды для администрирования системы?": "Командная строка (Command Prompt)"
    },
    {
      "Что из перечисленного является примером локальной сети (LAN)?": "Сеть офисных компьютеров"
    },
    {
      "Что из перечисленного относится к глобальной сети (WAN)?": "Интернет"
    },
    {
      "Какая топология чаще всего используется в локальных сетях?": "Звезда"
    },
    {
      "Какое устройство соединяет локальные сети для создания глобальной сети?": "Маршрутизатор"
    },
    {
      "Какой из следующих протоколов используется для передачи данных в глобальной сети?": "TCP/IP"
    },
    {
      "Какая технология чаще всего применяется для создания виртуальных локальных сетей (VLAN)?": "VLAN Tagging (802.1Q)"
    },
    {
      "Что является основным преимуществом локальной сети перед глобальной?": "Высокая скорость передачи данных"
    },
    {
      "Какая технология позволяет шифровать данные при передаче в глобальных сетях?": "VPN"
    },
    {
      "Как называется физическая среда, используемая для соединения устройств в локальной сети?": "Медный кабель или оптоволокно"
    },
    {
      "Какая технология используется для предоставления доступа в Интернет в глобальных сетях?": "Все перечисленное"
    },
    {
      "Какая из следующих характеристик является основной особенностью технологии Ethernet?": "Протокол передачи с использованием пакетов"
    },
    {
      "Какой тип кабеля используется в традиционных проводных Ethernet-сетях?": "Витая пара"
    },
    {
      "Какой стандарт Ethernet используется для передачи данных на скорости 1 Гбит/с?": "1000BASE-T"
    },
    {
      "Какой элемент является основным компонентом Ethernet-сети?": "Коммутатор"
    },
    {
      "Как называется механизм, используемый в Ethernet для предотвращения конфликтов при передаче данных?": "CSMA/CD (Carrier Sense Multiple Access with Collision Detection)"
    },
    {
      "Какой максимальный размер кадра Ethernet в стандартной версии?": "1500 байт"
    },
    {
      "Какой из следующих типов Ethernet-кабелей поддерживает максимальную скорость передачи данных в 10 Гбит/с на расстоянии до 100 метров?": "Cat 6a"
    },
    {
      "Какой стандарт Ethernet предназначен для передачи данных по оптоволокну на скорости 10 Гбит/с?": "10GBASE-SR"
    },
    {
      "Какое устройство Ethernet использует таблицу MAC-адресов для принятия решений о передаче данных?": "Коммутатор (Switch)"
    },
    {
      "Как называется процесс, когда Ethernet-кабель соединяет устройства в сети через один центральный элемент?": "Топология \"звезда\""
    },
    {
      "Что представляет собой коммуникация второго уровня в модели OSI?": "Канальный уровень"
    },
    {
      "Какую основную функцию выполняет канальный уровень в модели OSI?": "Обеспечивает надежную передачу данных между узлами сети"
    },
    {
      "Какая из следующих технологий относится к канальному уровню модели OSI?": "Ethernet"
    },
    {
      "Какой протокол используется на канальном уровне для обеспечения надежности в Ethernet-сетях?": "MAC (Media Access Control)"
    },
    {
      "Что такое MAC-адрес на канальном уровне?": "Уникальный идентификатор, который используется для адресации данных на канальном уровне"
    },
    {
      "Какой протокол используется на канальном уровне для установления соединений в точка-точка-соединениях (например, в модемах)?": "PPP"
    },
    {
      "Как называется процесс разделения потока данных на кадры на канальном уровне?": "Фрагментация"
    },
    {
      "Какой основной компонент канального уровня отвечает за контроль ошибок при передаче данных?": "Проверка контрольной суммы"
    },
    {
      "Какая из следующих технологий применяется на канальном уровне для организации передачи данных между компьютерами в локальной сети?": "Wi-Fi"
    },
    {
      "Какой протокол канального уровня используется для обнаружения MAC-адресов в сети?": "ARP"
    },
    {
      "Что означает аббревиатура QoS в контексте сетевых технологий?": "Quality of Service"
    },
    {
      "Какая основная цель использования QoS в сетях?": "Управлять трафиком и гарантировать минимальное качество обслуживания для различных типов трафика"
    },
    {
      "Какой тип трафика обычно имеет наивысший приоритет в QoS?": "Видео- и голосовой трафик"
    },
    {
      "Какой метод используется в QoS для классификации и маркировки трафика?": "Тегирование пакетов с помощью DSCP (Differentiated Services Code Point)"
    },
    {
      "Что из перечисленного является функцией QoS для контроля задержек?": "Контроль потока"
    },
    {
      "Какой из следующих протоколов относится к уровню транспорта в модели TCP/IP?": "TCP"
    },
    {
      "Какой механизм QoS управляет приоритетом передачи трафика для различных приложений?": "Ранжирование трафика по приоритетам"
    },
    {
      "Какой параметр является важнейшим при реализации QoS для голосовых и видеоконференций?": "Время задержки (latency)"
    },
    {
      "Что такое \"Traffic Shaping\" в контексте QoS?": "Метод контроля потока и регулирования скорости передачи данных для улучшения качества сети"
    },
    {
      "Какой тип QoS используется для оптимизации работы с видеопотоками и онлайн-трансляциями?": "Выделение приоритетов и управление полосой пропускания"
    },
    {
      "Что такое VLAN?": "Это способ сегментации сети для улучшения безопасности и управления трафиком"
    },
    {
      "Какой из следующих параметров задает VLAN?": "VLAN ID"
    },
    {
      "Какое устройство используется для управления виртуальными локальными сетями (VLAN)?": "Коммутатор (Switch)"
    },
    {
      "Как называется процесс, при котором устройства из разных физических сегментов сети объединяются в одну виртуальную локальную сеть?": "Сегментация"
    },
    {
      "Какой тип VLAN чаще всего используется для изоляции трафика для различных групп пользователей или приложений в сети?": "Voice VLAN"
    },
    {
      "Какой метод используется для управления коммутатором через командную строку?": "Telnet или SSH"
    },
    {
      "Какой протокол используется для мониторинга и управления коммутаторами в сети?": "SNMP (Simple Network Management Protocol)"
    },
    {
      "Какой метод управления коммутатором позволяет централизованно управлять множеством устройств через один интерфейс?": "Web-интерфейс"
    },
    {
      "Что позволяет использовать интерфейс командной строки (CLI) для управления коммутатором?": "Все перечисленное"
    },
    {
      "Какой метод управления коммутатором позволяет настраивать устройства через веб-браузер с помощью графического интерфейса?": "Web-интерфейс"
    },
    {
      "Сетевое оборудование -- это...": "Устройства, необходимые для работы компьютерной сети."
    },
    {
      "Какой протокол используется для надежной передачи данных в сети TCP/IP?": "TCP"
    },
    {
      "Какой протокол используется для передачи данных без установления соединения и без подтверждения получения пакетов?": "UDP"
    },
    {
      "Какой компонент модели TCP/IP отвечает за маршрутизацию пакетов между сетями?": "Сетевой протокол (IP)"
    },
    {
      "Что из перечисленного выполняет роль адреса доставки данных в сети TCP/IP?": "IP-адрес"
    },
    {
      "Какой порт используется для протокола HTTP в сети TCP/IP?": "80"
    },
    {
      "Какой из следующих протоколов является протоколом прикладного уровня в модели TCP/IP?": "HTTP"
    },
    {
      "Какой из следующих протоколов используется для обмена сообщениями между хостами и диагностики ошибок в сети TCP/IP?": "ICMP"
    },
    {
      "Как называется процесс, при котором данные разбиваются на пакеты и передаются по сети?": "Сегментация"
    },
    {
      "Какой из следующих протоколов используется для автоматической настройки IP-адресов в сети?": "DHCP"
    },
    {
      "Что из перечисленного относится к статической маршрутизации?": "Маршруты устанавливаются вручную и не изменяются автоматически"
    },
    {
      "Какой протокол используется для динамической маршрутизации в IP-сетях?": "RIP"
    },
    {
      "Какое основное отличие статической маршрутизации от динамической?": "Динамическая маршрутизация не требует вмешательства администратора сети"
    },
    {
      "В каком случае используется статическая маршрутизация?": "В простых или небольших сетях с небольшим количеством маршрутов"
    },
    {
      "Что представляет собой динамическая маршрутизация?": "Протоколы маршрутизации автоматически обновляют таблицы маршрутов"
    },
    {
      "Какой протокол маршрутизации является внутренним и используется для маршрутизации внутри автономной системы?": "OSPF"
    },
    {
      "Какое значение имеет динамическая маршрутизация в крупных сетях?": "Она обеспечивает автоматическую адаптацию к изменениям в сети"
    },
    {
      "В чем заключается процесс конвергенции в динамической маршрутизации?": "Процесс синхронизации маршрутов между маршрутизаторами"
    },
    {
      "Какой из следующих протоколов маршрутизации является внешним и используется для обмена маршрутами между различными автономными системами?": "BGP"
    },
    {
      "Что необходимо для того, чтобы статическая маршрутизация работала правильно?": "Ручная настройка всех маршрутов на каждом маршрутизаторе"
    },
    {
      "Какой протокол маршрутизации является внутренним и используется для маршрутизации внутри одной автономной системы?": "OSPF"
    },
    {
      "Какой протокол маршрутизации используется для обмена маршрутами между различными автономными системами?": "BGP"
    },
    {
      "Какой протокол маршрутизации использует метод \"расстояния до цели\" для определения наилучших маршрутов?": "RIP"
    },
    {
      "Какой из протоколов маршрутизации использует алгоритм состояния канала для нахождения наилучших маршрутов?": "OSPF"
    },
    {
      "Какой из следующих протоколов является гибридным и сочетает характеристики как протоколов с вектором расстояния, так и протоколов с состоянием канала?": "EIGRP"
    },
    {
      "Какой протокол маршрутизации использует алгоритм векторного расстояния, но с улучшениями по сравнению с RIP, например, поддерживает быстрое восстановление и более низкое количество ошибок?": "EIGRP"
    },
    {
      "Какой из протоколов маршрутизации использует таблицы маршрутизации с метками и часто используется в крупных провайдерских сетях?": "BGP"
    },
    {
      "В каком случае используется протокол маршрутизации IS-IS?": "Для внутренней маршрутизации в больших автономных системах"
    },
    {
      "Какой протокол маршрутизации предпочитают использовать в сетях, где важны быстрое восстановление и оптимизация маршрутов?": "EIGRP"
    },
    {
      "Какой из следующих протоколов маршрутизации использует метрики на основе маршрутов (path vector) и является основным протоколом маршрутизации в интернете?": "BGP"
    },
    {
      "Какой из следующих протоколов является ориентированным на соединение?": "TCP"
    },
    {
      "Какой из протоколов используется для передачи данных без установления соединения и без проверки получения пакетов?": "UDP"
    },
    {
      "Какой протокол обеспечивает гарантированную доставку данных?": "TCP"
    },
    {
      "В чем основное отличие TCP от UDP?": "TCP обеспечивает надежную доставку данных, а UDP — нет"
    },
    {
      "Какой из протоколов чаще используется для реального времени, например, для потокового аудио и видео?": "UDP"
    },
    {
      "Какое из следующих утверждений о TCP верно?": "Он поддерживает управление потоком и управление перегрузками"
    },
    {
      "Что из следующего является задачей UDP?": "Минимизировать задержку и использовать меньший заголовок"
    },
    {
      "Как называется процесс восстановления данных в TCP, если пакет потерян в пути?": "Пересылка"
    },
    {
      "Что из следующего не является функцией TCP?": "Шифрование данных"
    },
    {
      "Для чего используется порт 53 в протоколе UDP?": "Для запросов DNS"
    },
    {
      "Что такое межсетевой экран (фаервол)?": "Устройство для защиты сети от внешних угроз"
    },
    {
      "Какой тип межсетевого экрана используется для контроля трафика на основе состояния соединения?": "Stateful firewall"
    },
    {
      "Какой из типов межсетевых экранов проверяет только заголовки пакетов и не анализирует содержимое пакетов?": "Пакетный фильтр"
    },
    {
      "Какой из следующих методов фильтрации используется межсетевыми экранами для блокировки определенных видов трафика?": "Фильтрация по IP-адресам и портам"
    },
    {
      "Как называется метод защиты сети, при котором используется прокси-сервер для скрытия внутренней сети от внешних запросов?": "Прокси-фильтрация"
    },
    {
      "Какой тип межсетевого экрана обычно используется для защиты веб-серверов и приложений от атак?": "Web Application Firewall (WAF)"
    },
    {
      "Какой из следующих типов межсетевых экранов предоставляет возможность анализа содержимого пакетов для обнаружения скрытых угроз?": "DPI (Deep Packet Inspection)"
    },
    {
      "Какой из следующих видов межсетевых экранов может обнаруживать и блокировать вредоносные программы и вирусы в трафике?": "Экран следующего поколения (NGFW)"
    },
    {
      "Какое преимущество дает использование NAT (Network Address Translation) в межсетевых экранах?": "Скрытие внутренних IP-адресов от внешних пользователей"
    },
    {
      "Какой из следующих протоколов обычно используется для управления межсетевыми экранами?": "SNMP"
    },
    {
      "Какой протокол маршрутизации используется для обмена маршрутами внутри одной автономной системы?": "OSPF"
    },
    {
      "Какой из следующих протоколов используется для маршрутизации между автономными системами в интернете?": "BGP"
    },
    {
      "Какой протокол маршрутизации использует алгоритм состояния канала для определения маршрутов?": "OSPF"
    },
    {
      "Какое из следующих утверждений верно для протокола BGP?": "BGP является внешним протоколом маршрутизации, используемым для обмена маршрутами между автономными системами"
    },
    {
      "Какой из следующих протоколов маршрутизации используется для динамического обмена маршрутами в больших корпоративных сетях?": "OSPF"
    },
    {
      "Какое основное отличие BGP от OSPF?": "BGP является протоколом внешней маршрутизации, а OSPF — внутренней"
    },
    {
      "Какой из следующих параметров является важным для расчета стоимости маршрута в протоколе OSPF?": "Пропускная способность канала"
    },
    {
      "Как называется процесс обмена маршрутами между маршрутизаторами в протоколе BGP?": "Обмен маршрутами"
    },
    {
      "Какой из следующих факторов может повлиять на решение BGP выбрать лучший маршрут?": "Параметры маршрута, такие как AS-путь и политика маршрутизации"
    },
    {
      "Какой тип маршрутизации используется для управления маршрутами в сети с использованием маршрутизаторов, которые обмениваются информацией о состоянии канала и трафике?": "Состояние канала"
    },
    {
      "Какой протокол используется для разрешения доменных имен в IP-адреса в сети?": "DNS"
    },
    {
      "Какой тип записи в DNS используется для связывания доменного имени с IP-адресом?": "A"
    },
    {
      "Как называется процесс, при котором DNS-серверы кэшируют информацию о доменах для ускорения разрешения имен?": "Кэширование"
    },
    {
      "Какой тип записи DNS используется для указания почтового сервера для домена?": "MX"
    },
    {
      "Как называется основной DNS-сервер, который хранит оригинальную информацию о домене и его записях?": "Ведущий сервер"
    },
    {
      "Какой тип записи DNS используется для указания канала для маршрутизации почты или других служб?": "MX"
    },
    {
      "Какой параметр конфигурации DNS-сервера позволяет указывать, какие серверы могут обслуживать запросы от клиентов?": "Zone transfer"
    },
    {
      "Какой из следующих протоколов используется для безопасного обмена данными между DNS-серверами?": "DNSSEC"
    },
    {
      "Что такое запись CNAME в DNS?": "Запись для связывания одного доменного имени с другим"
    },
    {
      "Какой из следующих параметров в записи DNS указывает на количество времени, которое другие серверы могут хранить кэшированную информацию о домене?": "TTL (Time-to-Live)"
    },
    {
      "Какой из следующих терминов обозначает виртуальную частную сеть?": "VPN"
    },
    {
      "Какой тип VPN используется для подключения двух или более удаленных сетей через защищенное соединение?": "Site-to-Site"
    },
    {
      "Как называется технология, которая позволяет подключить удаленные устройства, такие как ноутбуки или смартфоны, к корпоративной сети через VPN?": "Client-to-Site VPN"
    },
    {
      "Какой из следующих протоколов используется для создания защищенного туннеля в VPN-соединениях?": "IPsec"
    },
    {
      "Какой тип VPN использует SSL (Secure Sockets Layer) для обеспечения безопасности соединений между клиентами и серверами?": "SSL VPN"
    },
    {
      "Какой из следующих протоколов часто используется для туннелирования и шифрования данных в VPN-соединениях?": "IPsec"
    },
    {
      "Что из следующего является основным преимуществом использования VPN?": "Повышенная безопасность и конфиденциальность при передаче данных через общедоступные сети"
    },
    {
      "Какой тип VPN используется для подключения клиентов (например, сотрудников) к корпоративной сети через интернет?": "Remote Access VPN"
    },
    {
      "Как называется метод аутентификации, при котором для подключения к VPN-сети используются сертификаты?": "Аутентификация по сертификатам"
    },
    {
      "Какой из следующих видов VPN обычно используется для связи между офисами компании через защищенную сеть?": "Site-to-Site VPN"
    },
    {
      "Что такое Cisco Packet Tracer?": "Программное обеспечение для создания и моделирования сетевых топологий"
    },
    {
      "Какую топологию можно моделировать в Cisco Packet Tracer?": "Локальные и глобальные сети"
    },
    {
      "В каком формате можно сохранить проект в Cisco Packet Tracer?": ".pkt"
    },
    {
      "Какие устройства можно добавить в Cisco Packet Tracer?": "Компьютеры, маршрутизаторы, коммутаторы, серверы и беспроводные устройства"
    },
    {
      "Какое устройство в Cisco Packet Tracer используется для создания маршрутизации между различными сегментами сети?": "Маршрутизатор"
    },
    {
      "Что позволяет Cisco Packet Tracer моделировать при помощи командной строки на устройствах?": "Конфигурировать устройства с помощью командной строки, как на реальных устройствах"
    },
    {
      "Как в Cisco Packet Tracer можно проверить статус устройства или интерфейса?": "Используя команду show interfaces"
    },
    {
      "Какой тип подключения используется для соединения маршрутизатора с коммутатором в Cisco Packet Tracer?": "Ethernet"
    },
    {
      "Как в Cisco Packet Tracer можно симулировать отказ устройства или линка?": "Выключить устройство или кабель через его свойства"
    },
    {
      "В Cisco Packet Tracer, как можно создать VLAN на коммутаторе?": "Через \"VLAN Management\" в GUI"
    },
    {
      "Как можно настроить DHCP-сервер в Cisco Packet Tracer?": "На сервере с соответствующими настройками"
    },
    {
      "Какие устройства в Cisco Packet Tracer могут быть настроены для работы в беспроводной сети?": "Только беспроводные маршрутизаторы и ПК с Wi-Fi"
    },
    {
      "Какое значение имеет команда ping в Cisco Packet Tracer?": "Проверяет соединение между двумя устройствами в сети"
    },
    {
      "Как в Cisco Packet Tracer настроить статический маршрут на маршрутизаторе?": "Использовать команду ip route"
    },
    {
      "Как в Cisco Packet Tracer можно симулировать появление нового устройства в сети?": "Перетащить новое устройство в топологию"
    },
    {
      "Как в Cisco Packet Tracer можно настроить маршрутизацию между двумя маршрутизаторами с использованием протокола RIP?": "Использовать команду router rip в CLI и настроить сети"
    },
    {
      "Что позволяет включить режим \"Simulation Mode\" в Cisco Packet Tracer?": "Включить тестирование трафика и задержек в сети"
    },
    {
      "Какой тип устройства является главным в тестировании с использованием Cisco Packet Tracer?": "Все перечисленные"
    },
    {
      "Какую команду необходимо использовать в Cisco Packet Tracer для конфигурации маршрутизатора в качестве шлюза по умолчанию?": "ip default-gateway"
    },
    {
      "Как в Cisco Packet Tracer можно настроить защиту паролем для доступа к маршрутизатору через консоль?": "Использовать команду enable secret"
    },
    {
      "Какая файловая система по умолчанию используется в современных версиях Linux?": "EXT4"
    },
    {
      "Какая файловая система Linux использует журнальную запись для повышения надежности?": "EXT3"
    },
    {
      "Какой тип файловой системы используется для установки операционной системы на раздел с большим объемом данных и высокой производительностью в Linux?": "XFS"
    },
    {
      "Какой тип файловой системы позволяет создавать снэпшоты и использовать их для резервного копирования в Linux?": "Btrfs"
    },
    {
      "Какую команду в Linux используют для проверки и исправления ошибок на файловой системе?": "fsck"
    },
    {
      "Какая файловая система поддерживает создание больших файлов (до 16 TiB) в Linux?": "XFS"
    },
    {
      "Что делает команда mkfs в Linux?": "Форматирует файловую систему"
    },
    {
      "Какая файловая система поддерживает сжатие данных в Linux?": "Btrfs"
    },
    {
      "Какой тип файловой системы поддерживает проверку и исправление ошибок в реальном времени в Linux?": "EXT4"
    },
    {
      "Какой файловой системой можно пользоваться для создания логических томов в Linux?": "LVM"
    },
    {
      "Какую команду следует использовать для создания файловой системы на разделе в Linux?": "mkfs"
    },
    {
      "Какая файловая система используется в Linux для серверов с большими требованиями к скорости записи и чтения?": "XFS"
    },
    {
      "Какую команду используют для монтирования файловой системы в Linux?": "mount"
    },
    {
      "В чем основное отличие файловых систем EXT4 и EXT3?": "EXT4 поддерживает большее количество файлов"
    },
    {
      "Какая файловая система была предназначена для использования в старых версиях Linux и больше не используется из-за отсутствия поддержки больших объемов данных?": "EXT2"
    },
    {
      "Какая файловая система в Linux предоставляет возможность создания и управления разделами с различными размерами?": "LVM"
    },
    {
      "Какую команду используют для отображения информации о текущих монтированных файловых системах в Linux?": "mount"
    },
    {
      "Что из следующего является главным преимуществом файловой системы Btrfs в Linux?": "Сжатие данных и создание снэпшотов"
    },
    {
      "Какую файловую систему можно использовать для установки Linux на компьютеры с ограниченными ресурсами (например, старые компьютеры)?": "EXT2"
    },
    {
      "Какая файловая система является наиболее подходящей для работы с большими объемами данных в Linux и обеспечивает высокую производительность в работе с большими файлами?": "XFS"
    },
    {
      "Что такое веб-сервер Apache?": "Веб-сервер с открытым исходным кодом для обслуживания веб-страниц"
    },
    {
      "Какой файл конфигурации используется для настройки веб-сервера Apache?": "/etc/apache2/apache2.conf"
    },
    {
      "Какую команду нужно использовать для перезапуска веб-сервера Apache в Linux?": "systemctl restart apache2"
    },
    {
      "Какой модуль Apache используется для обеспечения безопасности и аутентификации пользователей?": "mod_auth_basic"
    },
    {
      "Какой порт используется по умолчанию для веб-сервера Apache?": "80"
    },
    {
      "Что такое виртуальные хосты в контексте веб-сервера Apache?": "Способ конфигурации нескольких доменов на одном сервере"
    },
    {
      "Какой модуль Apache используется для обработки динамических веб-страниц, например, с использованием PHP?": "mod_php"
    },
    {
      "Какое расширение имеет основной файл конфигурации веб-сервера Apache в Ubuntu и Debian?": ".conf"
    },
    {
      "Какой командой можно проверить статус веб-сервера Apache в Linux?": "systemctl status apache2"
    },
    {
      "Как можно настроить редирект с HTTP на HTTPS на веб-сервере Apache?": "Использовать mod_rewrite"
    },
    {
      "Что относится к аппаратному обеспечению локальных вычислительных сетей (LAN)?": "Маршрутизатор"
    },
    {
      "Какой тип устройства используется для объединения нескольких сетей и направляет трафик между ними в локальной сети?": "Роутер (router)"
    },
    {
      "Какой компонент является основным для передачи данных на физическом уровне в локальной сети?": "Кабель Ethernet"
    },
    {
      "Что такое \"сетевой коммутатор\" (switch)?": "Устройство, которое подключает несколько сетевых устройств в одну сеть и направляет пакеты внутри сети"
    },
    {
      "Что из перечисленного является примером программного обеспечения для локальной вычислительной сети?": "Операционная система"
    },
    {
      "Какой тип устройства используется для расширения сети и соединения двух сетевых сегментов в LAN?": "Мост (bridge)"
    },
    {
      "Что такое \"IP-адрес\" в контексте локальных вычислительных сетей?": "Уникальный идентификатор устройства в сети"
    },
    {
      "Какой кабель используется для подключения компьютеров в локальной сети Ethernet?": "Кабель RJ-45 (Ethernet)"
    },
    {
      "Что из перечисленного является примером программного обеспечения для защиты локальной сети от внешних угроз?": "Антивирус"
    },
    {
      "Какое устройство используется для объединения нескольких компьютерных сетей в одну, но без передачи данных между ними?": "Мост (bridge)"
    },
    {
      "Какая из следующих категорий вредоносных программ предназначена для разрушения данных или систем?": "Вирусы"
    },
    {
      "Какую основную цель преследуют троянские программы?": "Получение несанкционированного доступа к данным и системам"
    },
    {
      "Как называется вредоносная программа, которая распространяется через электронную почту и может отправлять себя другим пользователям?": "Вирус"
    },
    {
      "Какую роль играют антивирусные программы в защите от вредоносных программ?": "Обнаруживают и удаляют вредоносные программы"
    },
    {
      "Что такое «шпионские программы»?": "Программы, которые скрытно отслеживают действия пользователя"
    },
    {
      "Как называется метод обнаружения вредоносных программ, при котором антивирусы ищут известные вирусы по их сигнатурам (характерным особенностям)?": "Сигнатурный анализ"
    },
    {
      "Какую цель преследуют руткиты?": "Скрытие следов присутствия вредоносных программ"
    },
    {
      "Какую категорию вредоносных программ можно отнести к программам, которые не могут самовоспроизводиться, но могут нанести ущерб системе?": "Трояны"
    },
    {
      "Какую категорию вредоносных программ называют \"самовоспроизводящимися\" и распространяющимися по сети?": "Черви"
    },
    {
      "Какую роль играет эвристический анализ в обнаружении вредоносных программ?": "Обнаруживает новые и неизвестные вирусы по их поведению"
    },
    {
      "Что такое MIT App Inventor?": "Платформа для создания мобильных приложений без необходимости знания программирования"
    },
    {
      "Какие мобильные устройства поддерживает MIT App Inventor?": "Только Android устройства"
    },
    {
      "Как называется основное окно MIT App Inventor, в котором разработчик создает интерфейс приложения?": "Designer"
    },
    {
      "Что представляет собой раздел \"Blocks Editor\" в MIT App Inventor?": "Среда для визуального программирования, где создаются логические блоки"
    },
    {
      "Какой тип программирования используется в MIT App Inventor?": "Визуальное программирование с использованием блоков"
    },
    {
      "Что нужно для запуска приложения, созданного с помощью MIT App Inventor, на мобильном устройстве?": "Скачать и установить приложение App Inventor Companion"
    },
    {
      "Как можно тестировать приложение в процессе разработки с помощью MIT App Inventor?": "Непосредственно на мобильном устройстве через MIT App Inventor Companion"
    },
    {
      "Какую функцию выполняет компонент \"Button\" в MIT App Inventor?": "Выполняет действия при нажатии на кнопку"
    },
    {
      "Как в MIT App Inventor можно сохранить данные между сессиями работы приложения?": "Использовать компонент \"TinyDB\""
    },
    {
      "Каким образом MIT App Inventor взаимодействует с другими сервисами для работы с данными?": "Через компоненты базы данных Firebase"
    },
    {
      "Что такое firewall (межсетевой экран)?": "Система безопасности, предназначенная для защиты сети от несанкционированного доступа"
    },
    {
      "Какую функцию выполняет firewall?": "Отслеживает и контролирует входящий и исходящий сетевой трафик"
    },
    {
      "Какой тип firewall работает на уровне сети и контролирует пакеты данных?": "Сетевой фаервол (Packet-filtering firewall)"
    },
    {
      "Какой тип firewall фильтрует трафик на основе приложений, поддерживая проверки на уровне HTTP, FTP и других приложений?": "Прокси-файрвол"
    },
    {
      "Какой из следующих методов используется в firewall для обеспечения безопасности при фильтрации пакетов?": "Фильтрация по IP-адресам и портам"
    },
    {
      "Как называется техника, которая используется в firewall для скрытия реальных IP-адресов внутренних серверов?": "NAT (Network Address Translation)"
    },
    {
      "Как firewall определяет, разрешить или заблокировать конкретный сетевой пакет?": "На основе конфигурации правил безопасности"
    },
    {
      "Какой из типов firewall предоставляет защиту не только для сети, но и для отдельных устройств?": "Хостовый фаервол"
    },
    {
      "Какую роль играет Stateful Inspection в firewall?": "Отслеживает состояние подключений и принимает решения о пакетах на основе контекста их потока"
    },
    {
      "Что из перечисленного является примером одного из механизмов безопасности, который используется в firewall для предотвращения атак на приложения?": "Прокси-фильтрация"
    },
    {
      "Какой протокол используется в Cisco Packet Tracer для динамической маршрутизации в малых и средних сетях?": "RIP"
    },
    {
      "Какой протокол используется для разрешения доменных имен в IP-адреса?": "DNS"
    },
    {
      "Какой протокол используется для автоматического назначения IP-адресов устройствам в сети?": "DHCP"
    },
    {
      "Какой протокол используется для защищенной удаленной командной строки в Cisco Packet Tracer?": "SSH"
    },
    {
      "Какой протокол используется для маршрутизации в больших сетях с множеством маршрутов и автономных систем?": "BGP"
    },
    {
      "Какой протокол используется для тестирования доступности устройства в сети?": "ICMP"
    },
    {
      "Какой протокол в Cisco Packet Tracer используется для получения информации о сетевых устройствах?": "SNMP"
    },
    {
      "Какой протокол используется для передачи файлов между устройствами в сети?": "FTP"
    },
    {
      "Какой протокол используется для определения и разрешения конфликтов IP-адресов в сети?": "ARP"
    },
    {
      "Какой протокол используется для контроля за состоянием устройств в сети и их конфигурацией?": "SNMP"
    },
    {
      "Какое устройство используется в Cisco Packet Tracer для маршрутизации пакетов между различными сетями?": "Маршрутизатор (Router)"
    },
    {
      "Какое сетевое устройство работает на уровне 2 модели OSI и используется для сегментации локальной сети?": "Коммутатор (Switch)"
    },
    {
      "Какой тип устройства используется для подключения беспроводных клиентов к локальной сети в Cisco Packet Tracer?": "Точка доступа (Access Point)"
    },
    {
      "Какое устройство в Cisco Packet Tracer можно настроить для обеспечения динамической маршрутизации?": "Маршрутизатор (Router)"
    },
    {
      "Какой сетевой компонент объединяет устройства в локальной сети, но не сегментирует трафик?": "Хаб (Hub)"
    },
    {
      "Какой сервер в Cisco Packet Tracer можно использовать для раздачи IP-адресов клиентам в сети?": "DHCP-сервер"
    },
    {
      "Какой тип устройства используется для подключения различных VLAN и их маршрутизации?": "Управляемый коммутатор (Managed Switch)"
    },
    {
      "Какое устройство в Cisco Packet Tracer используется для проверки доступности сети и диагностики подключений?": "Компьютер (PC)"
    },
    {
      "Какое устройство объединяет проводные и беспроводные сети, предоставляя маршрутизацию?": "Беспроводной маршрутизатор (Wireless Router)"
    },
    {
      "Какое устройство используется для имитации соединений между различными сетями через интернет?": "Облачное устройство (Cloud)"
    },
    {
      "Какая команда используется для перехода в режим привилегированного пользователя?": "enable"
    },
    {
      "Какую команду нужно ввести, чтобы настроить IP-адрес на интерфейсе маршрутизатора?": "ip address <адрес> <маска>"
    },
    {
      "Как отключить интерфейс маршрутизатора?": "shutdown"
    },
    {
      "Какая команда используется для сохранения текущей конфигурации устройства?": "write memory"
    },
    {
      "Какую команду нужно использовать для включения протокола OSPF на маршрутизаторе?": "router ospf <номер процесса>"
    },
    {
      "Какая команда отображает таблицу маршрутизации устройства?": "show ip route"
    },
    {
      "Какая команда используется для проверки подключения к другому устройству по сети?": "ping"
    },
    {
      "Какая команда показывает текущую конфигурацию устройства?": "show running-config"
    },
    {
      "Какая команда позволяет перейти в режим глобальной конфигурации?": "configure terminal"
    },
    {
      "Какая команда используется для удаления VLAN с коммутатора?": "delete vlan.dat"
    }
  ]
}