{
    "PM02":[{
        "2. Что такое IP-адрес?": "Уникальный идентификатор устройства в сети",
    	"3. Какой протокол используется для передачи данных в Интернете?": "TCP/IP",
    	"4. Для чего используется командная строка ping?": "Для проверки соединения с удалённым узлом",
    	"5. Какая роль выполняется сервером DHCP?": "Автоматическое назначение IP-адресов",
    	"6. Что обозначает термин NAT?": "Network Address Translation",
    	"7. Какой порт используется для HTTPS?": "443",
    	"8. Что такое шлюз по умолчанию?": "Устройство, через которое данные покидают локальную сеть",
    	"9. Какой протокол используется для шифрования электронной почты?": "SSL/TLS",
    	"10. Какая команда в Linux показывает сетевые интерфейсы?": "ifconfig",
    	"11. Для чего используется протокол DNS?": "Для преобразования доменных имен в IP-адреса",
    	"12. Какой инструмент позволяет отследить маршрут пакета?": "traceroute",
    	"13. Что обозначает термин VLAN?": "Virtual Local Area Network",
    	"14. Какой протокол является ненадежным?": "UDP",
    	"15. Для чего используется команда ipconfig?": "Для проверки и настройки сетевых параметров",
    	"16. Какая функция SNMP?": "Мониторинг и управление сетевыми устройствами",
    	"17. Что такое DMZ в контексте сетевой безопасности?": "Демилитаризованная зона между внутренней и внешней сетью",
    	"18. Какой протокол используется для передачи файлов?": "FTP",
    	"19. Какой порт используется для FTP?": "21",
    	"20. Для чего используется протокол ICMP?": "Для проверки сетевого подключения и диагностики",
    	"21. Что такое ARP?": "Протокол, обеспечивающий преобразование IP-адресов в MAC-адреса",
    	"22. Какой порт используется для SSH?": "22",
    	"23. Что такое подсеть?": "Логическая разделённая сеть внутри большей сети",
    	"24. Что такое маршрутизатор?": "Устройство, которое соединяет разные сети и маршрутизирует трафик",
    	"25. Что такое Wi-Fi?": "Стандарт для беспроводных сетей",
    	"26. Что такое VPN?": "Виртуальная приватная сеть для безопасного подключения",
    	"27. Что такое proxy-сервер?": "Сервер, выполняющий роль посредника между пользователями и другими серверами",
    	"28. Что такое IP-адрес 192.168.1.1 в контексте сетевого администрирования?": "IP-адрес для основного маршрутизатора в локальной сети",
    	"29. Какой стандарт используется для подключения компьютеров в локальной сети?": "Ethernet",
    	"30. Какая функция у DHCP-сервера?": "Автоматическое присвоение IP-адресов устройствам в сети",
    	"31. Что такое брандмауэр?": "Программное обеспечение или оборудование для фильтрации трафика",
    	"32. Что такое IP-адрес 10.0.0.1?": "Приватный IP-адрес, предназначенный для использования в частных сетях",
    	"33. Какой протокол используется для удалённого управления устройствами в сети?": "RDP",
    	"34. Что такое MAC-адрес?": "Уникальный идентификатор устройства в сети Ethernet",
    	"35. Для чего используется командный инструмент netstat?": "Для отображения сетевых подключений и статистики",
    	"36. Что такое \"широковещание\" в контексте сетевого общения?": "Отправка сообщения всем узлам в сети",
    	"37. Что такое субсеть?": "Логическая или физическая часть сети, созданная для упрощения маршрутизации",
    	"38. Какой порт используется для Telnet?": "23",
    	"39. Что такое маршрутизация в контексте сетевого администрирования?": "Процесс выбора пути для передачи данных в сети",
    	"40. Какой протокол используется для получения электронной почты?": "IMAP",
    	"41. Что такое \"Firewall\"?": "Устройство для блокировки нежелательного трафика",
    	"42. Какой протокол используется для получения сетевой информации о маршрутизации?": "RIP",
    	"43. Что такое TFTP?": "Протокол для передачи файлов с минимальными функциями",
    	"44. Что такое DNS-сервер?": "Система, обеспечивающая преобразование доменных имен в IP-адреса",
    	"45. Какой протокол используется для синхронизации времени в сети?": "NTP",
    	"46. Что такое резервирование IP-адресов?": "Выделение определённых IP-адресов для устройств с постоянными потребностями в адресах",
    	"47. Что такое \"разделение по подсетям\"?": "Организация логических групп в одной физической сети",
    	"48. Что такое \"периферийное устройство\" в сетевой инфраструктуре?": "Устройство, подключаемое к сети для расширения функционала например, принтеры",
    	"49. Что такое \"firewall rules\"?": "Условия для фильтрации трафика через брандмауэр",
    	"50. Что такое \"VPN-сервер\"?": "Сервер для создания безопасных удалённых соединений",
    	"51. Какой стандарт используется для сетевых кабелей Ethernet?": "802.3",
    	"52. Сколько уровней содержит модель OSI?": "7",
    	"53. Какой уровень модели OSI отвечает за передачу данных между приложениями?": "Прикладной",
    	"54. Какой уровень модели OSI отвечает за установку, управление и завершение соединений?": "Сеансовый",
    	"55. Какой уровень модели OSI преобразует данные в форму, пригодную для передачи?": "Презентационный",
    	"56. Какой уровень OSI обеспечивает маршрутизацию данных?": "Сетевой",
    	"57. Какой уровень отвечает за физическую передачу данных по кабелю?": "Физический",
    	"58. На каком уровне работают коммутаторы switches?": "Канальный",
    	"59. Какой протокол работает на транспортном уровне?": "TCP",
    	"60. Какой уровень модели OSI отвечает за шифрование данных?": "Презентационный",
    	"61. На каком уровне работает маршрутизатор router?": "Сетевой",
    	"62. На каком уровне работает протокол IP?": "Сетевой",
    	"63. На каком уровне работает протокол Ethernet?": "Канальный",
    	"64. Какой уровень OSI отвечает за восстановление соединений после разрывов?": "Сеансовый",
    	"65. Какой уровень OSI занимается сегментацией данных?": "Транспортный",
    	"66. Какие данные передаются на транспортном уровне?": "Сегменты",
    	"67. Какой уровень отвечает за потоковую передачу данных?": "Транспортный",
    	"68. Что такое \"кадры\" frames в модели OSI?": "Единицы данных на канальном уровне",
    	"69. Какой уровень OSI использует MAC-адреса?": "Канальный",
    	"70. Какие данные передаются на физическом уровне?": "Биты",
    	"71. Какой уровень OSI занимается адресацией?": "Сетевой",
    	"72. Какие данные передаются на сетевом уровне?": "Пакеты",
    	"73. Что такое \"сегменты\" в модели OSI?": "Данные на транспортном уровне",
    	"74. Какой уровень OSI отвечает за контроль ошибок?": "Канальный",
    	"75. Какие данные передаются на прикладном уровне?": "Сообщения",
    	"76. На каком уровне работает протокол HTTPS?": "Прикладной",
    	"77. Какой уровень OSI отвечает за преобразование символов в данные?": "Презентационный",
    	"78. На каком уровне происходит сжатие данных?": "Презентационный",
    	"79. Что такое MTU Maximum Transmission Unit?": "Максимальный размер кадра на канальном уровне",
    	"80. На каком уровне работает протокол ARP?": "Канальный",
    	"81. Что обозначает термин \"декапсуляция\"?": "Удаление заголовков при получении данных",
    	"82. Какой уровень OSI отвечает за соединение приложений с сетью?": "Прикладной",
    	"83. Что делает транспортный уровень в модели OSI?": "Разбивает данные на сегменты и обеспечивает их доставку",
    	"84. Какой протокол работает на канальном уровне?": "ARP",
    	"85. Какой протокол работает на прикладном уровне?": "FTP",
    	"86. Что такое инкапсуляция в контексте модели OSI?": "Добавление заголовков и трейлеров к данным на каждом уровне",
    	"87. Какие данные передаются на канальном уровне?": "Кадры",
    	"88. Какой уровень OSI отвечает за синхронизацию передачи данных?": "Сеансовый",
    	"89. Какой уровень OSI использует логические IP-адреса?": "Сетевой",
    	"90. Какой уровень OSI обеспечивает надёжность передачи данных?": "Транспортный",
    	"91. Какой уровень отвечает за передачу данных между двумя устройствами в пределах одной сети?": "Канальный",
    	"92. Что такое \"пакет\" в модели OSI?": "Единица данных на сетевом уровне",
    	"93. Какой уровень OSI обрабатывает ошибки передачи данных?": "Канальный",
    	"94. На каком уровне OSI работает DNS?": "Прикладной",
    	"95. На каком уровне OSI работает SSL/TLS?": "Презентационный",
    	"96. Какой протокол не работает на прикладном уровне?": "UDP",
    	"97. Какой уровень OSI отвечает за управление потоком данных?": "Транспортный",
    	"98. Какой уровень OSI определяет доступ к физической среде передачи данных?": "Канальный",
    	"99. Что такое \"трейлер\" в модели OSI?": "Дополнительная информация, добавляемая в конце кадра на канальном уровне",
    	"100. Какие устройства работают на физическом уровне?": "Концентраторы и повторители",
    	"101. Какое из следующих утверждений верно о модели OSI?": "Каждый уровень выполняет специфические функции и взаимодействует с соседними уровнями",
    	"102. Какой тип устройства используется для подключения нескольких сетевых устройств в одну локальную сеть?": "Коммутатор Switch",
    	"103. Какой тип устройства отвечает за передачу данных между различными сетями и маршрутизацию пакетов?": "Роутер",
    	"104. Как называется устройство, которое повторяет сигнал для увеличения расстояния передачи?": "Репитер Повторитель",
    	"105. Какой тип устройства используется для связи между двумя различными сегментами одной локальной сети?": "Мост Bridge",
    	"106. Какой тип устройства работает на канальном уровне модели OSI и использует MAC-адреса для передачи данных?": "Коммутатор",
    	"107. Какой тип устройства используется для подключения компьютеров к сети через телефонную линию?": "Модем",
    	"108. Как называется устройство, которое фильтрует трафик между различными сетями и контролирует доступ к ним?": "Брандмауэр",
    	"109. Какой тип устройства используется для подключения разных сетей с использованием различных протоколов?": "Шлюз",
    	"110. Что делает маршрутизатор в сети?": "Передает пакеты данных между различными сетями",
    	"111. Какой тип устройства работает на сетевом уровне модели OSI?": "Роутер",
    	"112. Что такое VPN-маршрутизатор?": "Устройство для создания виртуальной частной сети",
    	"113. Какой из следующих протоколов используется для маршрутизации пакетов в сети?": "IP",
    	"114. Какой тип устройства используется для разделения сети на несколько логических сегментов?": "Мост",
    	"115. Какой тип устройства используется для определения наилучшего пути передачи данных в сети?": "Роутер",
    	"116. Как называется технология, используемая в коммутаторах для уменьшения столкновений в сети?": "Full Duplex",
    	"117. Как называется устройство, которое переводит один тип сигналов в другой, например, аналоговый сигнал в цифровой?": "Модем",
    	"118. Что делает маршрутизатор на основе IP-адресов?": "Определяет наилучший маршрут для данных в сети",
    	"119. Какой из следующих устройств работает на физическом уровне модели OSI?": "Репитер",
    	"120. Какой тип устройства разделяет трафик между различными физическими сегментами сети?": "Мост",
    	"121. Как называется устройство, которое может подключить устройства разных типов, например, Ethernet и Wi-Fi?": "Шлюз",
    	"122. Какой уровень модели OSI обрабатывает данные на маршрутизаторе?": "Сетевой",
    	"123. Как называется устройство, которое может работать на нескольких уровнях модели OSI и объединяет функции маршрутизатора и брандмауэра?": "Шлюз",
    	"124. Какой тип устройства используется для увеличения пропускной способности сети путем создания нескольких виртуальных каналов на одном физическом соединении?": "Виртуальный коммутатор",
    	"125. Какой тип устройства используется для организации защиты сети и предотвращения несанкционированного доступа?": "Брандмауэр",
    	"126. Какой тип устройства может работать на нескольких каналах для подключения нескольких пользователей к интернету через одну линию?": "Модем",
    	"127. Как называется технология, используемая в коммутаторах для предотвращения циклических соединений в сети?": "Spanning Tree Protocol",
    	"128. Какой тип устройства используется для объединения двух различных сетей с разными архитектурами и протоколами?": "Шлюз",
    	"129. Какой тип устройства используется для обеспечения безопасного доступа в частные сети через интернет?": "Виртуальная частная сеть VPN",
    	"130. Какой тип устройства используется для преобразования цифровых сигналов в аналоговые для передачи через телефонную линию?": "Модем",
    	"131. Какой тип устройства используется для обеспечения связи между двумя разными типами сетевых интерфейсов, например, Ethernet и Wi-Fi?": "Шлюз",
    	"132. Какой тип устройства позволяет объединить несколько физических интерфейсов в один логический канал для увеличения пропускной способности?": "Логический коммутатор",
    	"133. Какой тип устройства работает на сетевом уровне и используется для обеспечения маршрутизации в больших сетях?": "Роутер",
    	"134. Как называется устройство, которое позволяет изолировать различные сети, обеспечивая защиту и контроль доступа?": "Брандмауэр",
    	"135. Какой из следующих типов устройств используется для обеспечения беспроводной связи в сети?": "Беспроводной маршрутизатор",
    	"136. Какой тип устройства используется для подключения устройств к проводной сети через различные протоколы передачи данных?": "Коммутатор",
    	"137. Какой тип устройства обычно используется для обеспечения избыточности в сетевых соединениях и предотвращения отказов?": "Устройство балансировки нагрузки",
    	"138. Какой тип устройства используется для разделения сети на виртуальные сети VLAN?": "Коммутатор",
    	"139. Какое из следующих устройств используется для мониторинга и управления сетью?": "Сетевой анализатор",
    	"140. Какой тип устройства может использоваться для создания беспроводной точки доступа в сети?": "Беспроводной маршрутизатор",
    	"141. Какой протокол используется для получения IP-адресов автоматически с помощью DHCP-сервера?": "DHCP",
    	"142. Какой тип устройства используется для реализации балансировки нагрузки на уровне сети?": "Устройство балансировки нагрузки",
    	"143. Как называется устройство, которое может соединить две сети, работающие по разным протоколам передачи?": "Шлюз",
    	"144. Какой тип устройства используется для трансляции сетевых адресов NAT?": "Роутер",
    	"145. Какой тип устройства соединяет различные подсети в одной локальной сети?": "Роутер",
    	"146. Какой из следующих протоколов используется для передачи данных между маршрутизаторами?": "RIP",
    	"147. Что делает коммутатор, когда получит кадр без информации о его источнике?": "Отправляет кадр на все порты",
    	"148. Какой тип устройства можно использовать для подключения нескольких пользователей через одну интернет-линию?": "Роутер",
    	"149. Какой уровень модели OSI обрабатывает действия маршрутизатора?": "Сетевой",
    	"150. Какой тип устройства помогает разделить сеть на несколько физических сегментов с сохранением логической целостности?": "Мост",
    	"151. Какое устройство используется для подключения к интернету через телефонную линию?": "Модем",
    	"152. Какой тип устройства используется для защиты локальной сети от атак извне?": "Брандмауэр",
    	"153. Какой тип устройства используется для создания виртуальной частной сети VPN?": "Роутер",
    	"154. Какой тип устройства может одновременно работать с несколькими типами физических сетевых соединений?": "Шлюз",
    	"155. Какой тип устройства может работать на физическом уровне модели OSI и повторять сигнал?": "Репитер",
    	"156. Как называется процесс пересылки пакетов данных между различными сегментами сети, используя различные маршруты?": "Маршрутизация",
    	"157. Какой тип устройства используется для создания защищенной передачи данных в сети?": "Шифратор",
    	"158. Какой тип устройства может работать как точка доступа для беспроводной сети?": "Роутер",
    	"159. Какой тип устройства позволяет подключать устройства с различными типами подключения, например, Ethernet и Wi-Fi?": "Роутер",
    	"160. Какой тип устройства работает на канальном уровне модели OSI?": "Коммутатор",
    	"161. Какой из следующих устройств является «умным» устройством, способным определять адреса и маршрутизировать трафик в локальной сети?": "Коммутатор",
    	"162. Какое устройство используется для передачи данных через сотовую сеть?": "Мобильный роутер",
    	"163. Какой тип устройства используется для защиты сети от вторжений и атак извне?": "Брандмауэр",
    	"164. Как называется устройство, которое имеет несколько физических интерфейсов и позволяет объединить их в один логический канал?": "Устройство балансировки нагрузки",
    	"165. Какой тип устройства обычно используется для увеличения пропускной способности сети?": "Коммутатор",
    	"166. Как называется процесс подключения устройства к сети с помощью сетевого кабеля?": "Подключение к сети",
    	"167. Какое устройство используется для контроля трафика в локальной сети и ограничивает доступ к определенным ресурсам?": "Брандмауэр",
    	"168. Какой тип устройства используется для обеспечения виртуальной частной сети VPN?": "Роутер",
    	"169. Какой протокол используется для маршрутизации пакетов данных между сетями?": "RIP",
    	"170. Какой уровень модели OSI занимается маршрутизацией данных между сетями?": "Сетевой",
    	"171. Какое устройство используется для преобразования и передачи данных по различным типам соединений, например, Ethernet и Wi-Fi?": "Шлюз",
    	"172. Какой из следующих типов устройств используется для управления потоком данных в сети и предотвращения перегрузок?": "Балансировщик нагрузки",
    	"173. Какой тип устройства используется для передачи данных через телефонные линии?": "Модем",
    	"174. Какой тип устройства позволяет связать сети с разными протоколами и обеспечивает обмен данными между ними?": "Шлюз",
    	"175. Какой тип устройства используется для усиления сигнала и передачи его на более дальние расстояния в сети?": "Репитер",
    	"176. Как называется технология, которая используется для создания виртуальных сетей внутри физической сети?": "VLAN",
    	"177. Какой тип устройства используется для объединения различных частей сети и их управления?": "Роутер",
    	"178. Какой уровень модели OSI обрабатывает передачу данных по физическим каналам связи?": "Физический",
    	"179. Как называется процесс передачи пакетов данных между сетями с помощью маршрутизатора?": "Маршрутизация",
    	"180. Какой протокол используется для автоматической настройки IP-адресов в сети?": "DHCP",
    	"181. Какой тип устройства используется для управления сетевыми соединениями и защиты сети от угроз?": "Брандмауэр",
    	"182. Какой тип устройства используется для подключения нескольких сетевых интерфейсов и объединения их в один логический канал?": "Логический маршрутизатор",
    	"183. Как называется устройство, которое обеспечивает защиту сети, фильтруя входящий и исходящий трафик?": "Брандмауэр",
    	"184. Какой тип устройства используется для подключения нескольких пользователей к одной сети через одно подключение?": "Роутер",
    	"185. Какой тип устройства используется для создания безопасных подключений через интернет для удаленных пользователей?": "Виртуальная частная сеть VPN",
    	"186. Как называется процесс, когда маршрутизатор выбирает лучший путь для передачи данных по сети?": "Маршрутизация",
    	"187. Какой тип устройства используется для обеспечения доступа в сеть и управления трафиком между локальной сетью и интернетом?": "Роутер",
    	"188. Какой тип устройства используется для подключения различных сетевых технологий и протоколов между собой?": "Шлюз",
    	"189. Какой тип устройства может увеличивать дальность передачи данных, не теряя при этом качества сигнала?": "Репитер",
    	"190. Какой тип устройства используется для создания связности между разными сегментами сети?": "Мост",
    	"191. Какой уровень модели OSI отвечает за доставку данных между конечными узлами сети?": "Транспортный",
    	"192. Какой тип устройства используется для защиты сети от атак, фильтруя трафик на основе заданных правил безопасности?": "Брандмауэр",
    	"193. Какой тип устройства используется для соединения двух различных сетевых сегментов с использованием различных стандартов и протоколов?": "Роутер",
    	"194. Какой тип устройства используется для предотвращения бесконечных циклов передачи данных в сети?": "Мост",
    	"195. Какое устройство используется для мониторинга и анализа трафика сети?": "Сетевой анализатор",
    	"196. Какой тип устройства используется для соединения разных локальных сетей и соединения их с интернетом?": "Роутер",
    	"197. Какой тип устройства позволяет создать безопасное удаленное соединение с частной сетью через интернет?": "Виртуальная частная сеть VPN",
    	"198. Какой тип устройства используется для предотвращения дублирования сетевых адресов в сети?": "Роутер",
    	"199. Как называется процесс, при котором данные, передаваемые по сети, передаются через несколько маршрутов для повышения надежности?": "Мультиплексирование",
    	"200. Какой тип устройства используется для управления IP-адресацией в сети?": "Роутер",
    	"201. Какой из типов устройства используется для подключения беспроводных устройств к проводной сети?": "Беспроводной маршрутизатор",
    	"202. Что такое Microsoft Azure?": "Облачная платформа",
    	"203. Как называется служба Azure для работы с виртуальными машинами?": "Azure Virtual Machines",
    	"204. Какой из этих сервисов предназначен для управления базами данных в Azure?": "Azure SQL Database",
    	"205. Что такое Azure Blob Storage?": "Служба для хранения файлов",
    	"206. Какой инструмент используется для управления ресурсами Azure через командную строку?": "Azure CLI",
    	"207. Что такое Azure Active Directory?": "Служба управления идентификацией и доступом",
    	"208. Какой сервис используется для создания контейнерных приложений?": "Azure Kubernetes Service",
    	"209. Что такое Azure DevOps?": "Платформа для разработки, развертывания и тестирования",
    	"210. Какой сервис Azure предназначен для анализа больших данных?": "Azure Data Lake",
    	"211. Что такое Azure Functions?": "Сервис для выполнения кода на основе событий",
    	"212. Как называется инструмент для управления и мониторинга ресурсов Azure?": "Azure Portal",
    	"213. Какой сервис отвечает за автоматическое масштабирование приложений?": "Azure App Service",
    	"214. Какая из служб используется для управления виртуальными сетями?": "Azure Virtual Network",
    	"215. Что такое Azure Monitor?": "Сервис для мониторинга ресурсов Azure",
    	"216. Для чего используется Azure Logic Apps?": "Создание интеграционных рабочих процессов",
    	"217. Что такое Azure Cognitive Services?": "Сервисы искусственного интеллекта",
    	"218. Какой сервис используется для резервного копирования данных?": "Azure Backup",
    	"219. Что такое Azure Load Balancer?": "Сервис для балансировки нагрузки",
    	"220. Какой сервис отвечает за управление API?": "Azure API Management",
    	"221. Что такое Azure CDN?": "Сеть доставки контента",
    	"222. Что такое VBScript?": "Интерпретируемый язык для Windows",
    	"223. Какое расширение имеет файл VBScript?": ".vbs",
    	"224. Какая функция используется для вывода диалогового окна в VBScript?": "MsgBox",
    	"225. Какой оператор используется для условных конструкций в VBScript?": "If...Then...Else",
    	"226. Какой тип данных является универсальным в VBScript?": "Variant",
    	"227. Какой объект используется для работы с файловой системой в VBScript?": "FileSystemObject",
    	"228. Какой метод используется для создания файла с помощью FileSystemObject?": "CreateTextFile",
    	"229. Какой оператор используется для объявления переменных в VBScript?": "Dim",
    	"230. Какая функция возвращает длину строки в VBScript?": "Len",
    	"231. Какой логический оператор проверяет выполнение обоих условий?": "And",
    	"232. Какой метод используется для чтения строки из текстового файла в VBScript?": "ReadLine",
    	"233. Какой объект используется для работы с Active Directory?": "ADSI",
    	"234. Какой метод VBScript используется для закрытия файла?": "Close",
    	"235. Какая функция VBScript округляет число до ближайшего целого?": "Round",
    	"236. Какой оператор используется для многократного выполнения кода в VBScript?": "Do...While",
    	"237. Какой метод используется для удаления файла в VBScript?": "DeleteFile",
    	"238. Какая функция VBScript возвращает текущую дату и время?": "Now",
    	"239. Какой объект используется для работы с сетевыми принтерами в VBScript?": "WScript.Network",
    	"240. Какой метод VBScript используется для объединения элементов массива в строку?": "Join",
    	"241. Какая команда VBScript завершает выполнение текущего сценария?": "Exit",
    	"242. Что такое Blade-система?": "Компактная модульная серверная архитектура",
    	"243. Как называется центральный модуль Blade-системы, в который вставляются серверные модули?": "Шасси",
    	"244. Какие компоненты обычно располагаются на серверных модулях блейдах?": "Процессоры, оперативная память, локальные накопители",
    	"245. Какую основную задачу решают Blade-системы?": "Упрощение управления и уменьшение занимаемого пространства",
    	"246. Какая основная функция встроенных коммутаторов в Blade-системах?": "Управление потоками данных между блейдами",
    	"247. Какая основная причина использования Blade-систем в дата-центрах?": "Экономия пространства и ресурсов",
    	"248. Какие элементы общего пользования могут быть установлены в шасси Blade-системы?": "Источники питания и системы охлаждения",
    	"249. Какие преимущества имеют Blade-системы перед традиционными серверами?": "Меньшее энергопотребление и удобство масштабирования",
    	"250. Какая технология часто используется для управления Blade-системами?": "IPMI Intelligent Platform Management Interface",
    	"251. Какой из перечисленных производителей выпускает Blade-системы?": "Все перечисленные",
    	"252. Что такое облачные технологии?": "Технологии предоставления вычислительных ресурсов через интернет",
    	"253. Какой из перечисленных сервисов является примером облачного хранилища?": "Dropbox",
    	"254. Что такое SaaS в контексте облачных технологий?": "Программное обеспечение как услуга",
    	"255. К какому типу облаков относится Amazon Web Services AWS?": "Общественное облако",
    	"256. Как называется модель облачных вычислений, где клиент арендует серверы и сетевую инфраструктуру?": "IaaS",
    	"257. Какой из перечисленных является основным преимуществом облачных технологий?": "Масштабируемость",
    	"258. Что означает термин \"гибридное облако\"?": "Смешение общественных и частных облаков",
    	"259. Какая компания является одним из крупнейших провайдеров облачных услуг?": "Google",
    	"260. Что такое облачное хранилище?": "Хранилище данных на удаленных серверах",
    	"261. Какая из функций доступна в PaaS платформа как услуга?": "Разработка приложений",
    	"262. Какая основная характеристика облачных технологий?": "Гибкость и масштабируемость",
    	"263. Какие облачные технологии наиболее полезны для стартапов?": "SaaS и PaaS",
    	"264. Какой из перечисленных факторов является недостатком облачных технологий?": "Зависимость от интернет-соединения",
    	"265. Какой протокол часто используется для обеспечения безопасности в облаке?": "HTTPS",
    	"266. Что подразумевает термин \"облачная миграция\"?": "Перенос данных и приложений в облако",
    	"267. Что такое резервное копирование в облаке?": "Создание копий данных в удаленном хранилище",
    	"268. Какая из функций является ключевой для общественных облаков?": "Совместное использование ресурсов",
    	"269. Какой тип облаков подходит для компаний с высокими требованиями к конфиденциальности?": "Частное облако",
    	"270. Как называется инструмент для управления облачными ресурсами?": "Облачный оркестратор",
    	"271. Какой из этих облачных сервисов предоставляет решения для анализа больших данных?": "AWS Redshift",
    	"272. Какой компонент отвечает за выполнение вычислений и обработку данных в компьютере?": "Процессор CPU",
    	"273. Как называется устройство для временного хранения данных, используемое процессором?": "Оперативная память RAM",
    	"274. Что из перечисленного служит для постоянного хранения данных?": "Жесткий диск HDD",
    	"275. Как называется основная плата, на которую подключаются все устройства ПК?": "Материнская плата",
    	"276. Какой компонент отвечает за графическую обработку данных?": "Видеокарта GPU",
    	"277. Для чего служит блок питания в компьютере?": "Для преобразования электрической энергии и питания компонентов ПК",
    	"278. Какой компонент используется для охлаждения процессора?": "Система охлаждения кулер или радиатор",
    	"279. Какой из компонентов хранит информацию в виде микросхем и обеспечивает быструю загрузку данных?": "SSD твердотельный накопитель",
    	"280. Какой порт используется для подключения видеокарты к монитору?": "HDMI или DisplayPort",
    	"281. Какой компонент обеспечивает подключение компьютера к сети?": "Сетевая карта NIC",
    	"282. Что такое тестирование компьютера?": "Оценка производительности и диагностика компонентов компьютера",
    	"283. Какая программа часто используется для проверки температуры процессора?": "AIDA64",
    	"284. Как называется тест, который проверяет производительность графического процессора?": "3DMark",
    	"285. Что из перечисленного может быть причиной нестабильной работы компьютера?": "Недостаточное охлаждение компонентов",
    	"286. Какой компонент тестируется с помощью программы MemTest86?": "Оперативная память RAM",
    	"287. Что проверяет стресс-тест процессора?": "Стабильность работы процессора под максимальной нагрузкой",
    	"288. Какая программа используется для мониторинга температуры и напряжения компонентов?": "CoreTemp",
    	"289. Для чего применяется CrystalDiskInfo?": "Для диагностики жесткого диска и SSD",
    	"290. Какой тест оценивает быстродействие процессора в многозадачности?": "Cinebench",
    	"291. Что из перечисленного может снизить производительность компьютера?": "Перегрев компонентов",
    	"292. Какой тест используется для проверки блока питания?": "Стресс-тест OCCT",
    	"293. Что из перечисленного может быть результатом стресс-теста?": "Нестабильность системы или перегрев",
    	"294. Какая утилита позволяет получить информацию о железе компьютера?": "CPU-Z",
    	"295. Какой инструмент используется для тестирования видеокарты на перегрев?": "FurMark",
    	"296. Что рекомендуется делать после завершения стресс-теста?": "Оценить результаты и проверить стабильность системы",
    	"297. Какой тип кабеля используется для соединения двух устройств одного уровня, таких как два компьютера?": "Перекрестный Crossover",
    	"298. Какой кабель необходим для подключения компьютера к консольному порту маршрутизатора?": "Консольный Console",
    	"299. Какой тип кабеля обычно используется для соединения коммутатора с маршрутизатором?": "Прямой Straight-Through",
    	"300. Какой из перечисленных кабелей используется для высокоскоростной передачи данных на большие расстояния?": "Оптоволоконный",
    	"301. Какой кабель используется для подключения двух коммутаторов друг к другу, если один из них поддерживает Auto-MDIX?": "Любой из перечисленных",
    	"302. Что является целью диагностики персонального компьютера?": "Обнаружение и устранение неисправностей",
    	"303. Какой процесс используется для диагностики проблем с производительностью ПК?": "Анализ журнала ошибок операционной системы",
    	"304. Что означает термин \"контроль\" в контексте работы персонального компьютера?": "Поддержание правильной работы всех компонентов ПК",
    	"305. Что из перечисленного является одним из основных инструментов диагностики персонального компьютера?": "Программы для тестирования жесткого диска",
    	"306. Какой метод диагностики позволяет проверить состояние оперативной памяти компьютера?": "Использование программы MemTest86",
	    "307. Что из следующего является наиболее распространенной причиной неисправности жесткого диска?": "Повреждения файловой системы",
    	"308. Какой тип диагностики помогает выявить проблемы с перегревом компонентов ПК?": "Использование утилит для мониторинга температуры",
    	"309. Что такое диагностическое программное обеспечение для ПК?": "Программы, проверяющие и устраняющие ошибки в системе",
	    "310. Какой компонент персонального компьютера чаще всего диагностируется на наличие аппаратных проблем?": "Жесткий диск",
    	"311. Какой из методов диагностики является пассивным?": "Анализ работы системы через системный монитор",
	    "312. Что является первым шагом в процессе диагностики ПК?": "Проверка физических соединений",
	    "313. Какие утилиты могут помочь в диагностике сбоев в работе системы?": "Диагностические утилиты системы",
	    "314. Какая программа используется для диагностики проблем с жестким диском?": "HD Tune",
	    "315. Какой метод диагностики помогает выявить сбои в работе материнской платы?": "Визуальная проверка и тестирование через POST-коды",
    	"316. Как называется программа, которая помогает протестировать работоспособность операционной системы?": "Check Disk",
	    "317. Какой тип диагностической программы используется для проверки корректности работы видеокарты?": "GPU-Z",
	    "318. Какой способ диагностики часто используется для выявления вирусных инфекций на ПК?": "Использование антивирусного программного обеспечения",
	    "319. Какое устройство используется для диагностики проблемы с подключением к сети?": "Сетевые анализаторы",
	    "320. Какую диагностику обычно выполняют при проблемах с загрузкой операционной системы?": "Запуск восстановления системы",
	    "321. Какую проблему может диагностировать утилита Event Viewer в Windows?": "Системные ошибки и сбои",
	    "322. Какой из следующих методов является активной диагностикой персонального компьютера?": "Использование утилит для мониторинга температуры",
	    "323. Какие из следующих проблем часто диагностируются с помощью утилиты Chkdsk в Windows?": "Ошибки в файловой системе",
	    "324. Какую роль играет стресс-тестирование в диагностике ПК?": "Тестирует систему на перегрузки и стабильность",
	    "325. Какое программное обеспечение предназначено для диагностики проблем с операционной системой Windows?": "Windows Memory Diagnostic",
	    "326. Какой из инструментов Windows можно использовать для восстановления поврежденных системных файлов?": "System Restore",
	    "327. Что означает аббревиатура SaaS?": "Software as a Service",
	    "328. Какая основная особенность модели SaaS?": "Доступ к приложениям через интернет без установки на локальные устройства",
    	"329. Что из нижеперечисленного относится к платформе PaaS?": "Среда для разработки, тестирования и развертывания приложений",
	    "330. Какая услуга предоставляется в рамках IaaS?": "Виртуальные машины, сеть и хранилище данных",
	    "331. Какой из следующих сервисов является примером модели SaaS?": "Dropbox",
	    "332. Какой тип облачного сервиса предоставляет доступ к виртуальным серверам и хранилищам данных?": "IaaS",
	    "333. Какая модель облачных вычислений обеспечивает пользователю доступ только к программам, не требуя управления инфраструктурой?": "SaaS",
    	"334. Какие из следующего не является примером модели IaaS?": "Google Docs",
    	"335. Какую роль играет модель PaaS в процессе разработки приложений?": "Предоставляет платформу для создания приложений без необходимости управлять инфраструктурой",
    	"336. Какой из следующих сервисов является примером платформы PaaS?": "Google App Engine",
	    "337. Что является основным преимуществом SaaS для пользователей?": "Доступ к приложению через веб-браузер без необходимости установки",
	    "338. Какой из вариантов наиболее точно описывает модели SaaS, PaaS и IaaS?": "SaaS предоставляет приложение, PaaS предоставляет платформу для разработки, а IaaS — инфраструктуру",
    	"339. Какой из следующих сервисов является примером модели IaaS?": "Amazon S3",
	    "340. Какой облачный сервис предоставляет инфраструктуру, в том числе вычислительные ресурсы и хранилища данных?": "IaaS",
	    "341. Какое преимущество дает использование PaaS для разработчиков приложений?": "Упростить управление инфраструктурой",
    	"342. Какая модель облачных технологий идеально подходит для разработчиков, которые хотят сосредоточиться на создании приложений, не управляя инфраструктурой?": "PaaS",
	    "343. Что из перечисленного относится к сервисам, предоставляемым в рамках модели SaaS?": "Доступ к готовым веб-приложениям",
	    "344. Какие преимущества имеет использование модели IaaS?": "Повышение контроля над инфраструктурой и уменьшение затрат на управление сервером",
	    "345. Какая модель облачных вычислений позволяет пользователю управлять только приложениями и данными, в то время как все остальное управляется провайдером?": "SaaS",
    	"346. Какая из моделей облачных вычислений позволяет создавать собственные приложения на основе облачной платформы и управлять их развертыванием?": "PaaS",
	    "347. Какой из следующих сервисов предоставляет только инфраструктуру для хранения данных и вычисления?": "AWS EC2",
	    "348. Какую модель облачных вычислений следует выбрать, если необходимо использовать готовые приложения без необходимости их разработки?": "SaaS",
	    "349. Какой из следующих сервисов является примером модели PaaS?": "Windows Azure",
	    "350. Какую услугу предоставляет модель PaaS для разработчиков?": "Создание веб-приложений без необходимости в управлении серверной инфраструктурой",
	    "351. Какой сервис наиболее подходит для организации, которая хочет создать, развернуть и управлять собственными приложениями в облаке?": "PaaS"
    }],
    "PM04":[{
        "1 Какой микроконтроллер используется в Arduino Uno?": "E) ATmega32u4",
        "2 Сколько цифровых входов/выходов на Arduino Uno?": "C) 13",
        "3 Какой тип питания можно использовать для Arduino Uno?": "C) Через USB и адаптер",
        "4 Какой вход используется для аналогового сигнала в Arduino Uno?": "B) A0-A5",
        "5 Что из перечисленного используется для подключения внешних устройств к Arduino Uno?": "D) Пины для ввода/вывода (Digital and Analog Pins)",
        "6 Какова максимальная выходная сила тока на пинах Arduino Uno?": "C) 40 мА",
        "7 Какой из этих компонентов можно использовать для подключения мотора к Arduino?": "D) Моторный драйвер (например, L298N)",
        "8 Какой метод используется для записи программы на Arduino?": "C) Использование Arduino IDE",
        "9 Сколько аналоговых входов имеет Arduino Uno?": "C) 6",
        "10 Какой тип данных используется для хранения значения с аналогового пина на Arduino?": "B) long",
        "11 Какой из этих компонентов используется для измерения температуры c Arduino?": "B) Датчик температуры (например, LM35)",
        "12 Как подключается внешний источник питания (адаптер) к Arduino Uno?": "B) Через пин VIN",
        "13. Что такое \"Sketch\" в контексте Arduino?": "C) Программа, написанная для Arduino",
        "14 Какой из этих команд используется для включения светодиода на Arduino?\ncpp\nКопироватьРедактировать\npinMode(13, OUTPUT);\ndigitalWrite(13, HIGH);": "C) digitalWrite()",
        "15. Какой из этих языков программирования используется для написания программ для Arduino?": "C) C/C++",
        "16. Как называется порт, через который Arduino подключается к компьютеру для программирования?": "B) USB-B",
        "17. Какой из этих пинов можно использовать для PWM на Arduino Uno?": "D) D3, D5, D6, D9, D10, D11",
        "18. Какова максимальная частота работы процессора в Arduino Uno?": "C) 16 МГц",
        "19. Какой пин используется для сброса Arduino?": "C) RESET",
        "20. Для чего используется функция delay() в Arduino?": "B) Для задержки выполнения программы",
        "21. Какую команду нужно использовать для считывания значения с аналогового пина в Arduino?": "B) analogRead()",
        "22. Как называется процесс, при котором используется несколько микроконтроллеров для выполнения различных задач?": "C) Параллельная обработка",
        "23. Какое значение возвращает функция analogRead()?": "C) Целое число от 0 до 1023",
        "24. Какой пин используется для вывода сигналов по I2C?": " C) A4 (SDA) и A5 (SCL)",
        "25. Какую команду следует использовать для установки пина в режим входа?": "C) pinMode(pin, INPUT);",
        "26. Что делает функция digitalWrite(pin, HIGH)?": "B) Устанавливает пин в высокое состояние (5V)",
        "27. Какой результат будет у следующего кода?\ncpp\nКопироватьРедактировать\nint x = 10;\nx++;\ncout << x;": "B) 11",
        "28. Какова максимальная нагрузка на пины вывода в Arduino Uno?": "C) 40 мА",
        "29. Что такое \"платформа\" в контексте Arduino?": "B) Платформа — это аппаратное и программное обеспечение, необходимое для работы Arduino",
        "30. Какой пин можно использовать для подключения внешнего источника питания в Arduino Uno?": "C) VIN",
        "31. Какова максимальная частота для работы PWM на пинах Arduino Uno?": "C) 1 кГц",
        "32. Какое значение при подключении к пину с аналоговым сигналом будет возвращать функция analogRead()?": "B) Целое значение от 0 до 1023",
        "33. Сколько байт памяти доступно для хранения переменных на Arduino Uno?": "D) 32 КБ",
        "34. Какой элемент схемы подключается к пинам GND и 5V для питания Arduino?": "B) Внешний источник питания или батарея",
        "35. Какой максимальный ток можно подавать на пины 5V и 3.3V в Arduino?": "C) 500 мА",
        "36. Какой из этих пинов на Arduino Uno используется для аналогового ввода?": "C) A0",
        "37. Какой стандартный тип данных используется для хранения значений на пинах Arduino?": "B) int",
        "38. Какой метод используется для подключения нескольких Arduino устройств через последовательный интерфейс?": "C) I2C",
        "39. Какую команду нужно использовать для вывода значения в Serial Monitor в Arduino?": "B) Serial.print()",
        "40. Как подключается датчик температуры LM35 к Arduino Uno?": "C) На аналоговые входы (A0, A1 и т.д.)",
        "41. Какой пин на Arduino Uno используется для подключения внешнего устройства через SPI?": "D) D11, D12, D13",
        "42. Какой пин Arduino Uno используется для подключения к GND?": "C) GND",
        "43. Какую команду нужно использовать для установки пина в состояние \"HIGH\"?": "C) digitalWrite(pin, HIGH);",
        "44. Какой из этих пинов можно использовать для подключения внешнего датчика температуры?": "C) A0",
        "45. Какое значение при подключении к пину 5V возвращает digitalRead()?": "B) HIGH",
        "46. Что делает команда analogWrite(pin, 128)?": "C) Устанавливает выход на пин в режим ШИМ с половинным значением",
        "47. Какой пин используется для подключения внешнего источника питания на Arduino?": "B) VIN",
        "48. Что делает команда digitalWrite(13, HIGH)?0": "B) Включает светодиод на пине 13",
        "49. Какой из этих пинов можно использовать для подключения датчика по протоколу I2C на Arduino?": "C) A4 и A5",
        "50. Какой код используется для создания задержки в 1000 миллисекунд (1 секунда)?": "C) delay(1000);",
        "51. Что такое HTML?": "D) Язык разметки для создания веб-страниц",
        "52. Какой тег используется для вставки изображения в HTML?": "D) <img>",
        "53. Что означает аббревиатура CSS?":"B) Cascading Style Sheets",
        "54. Какой атрибут используется для задания фона элемента в CSS?": "54. Какой атрибут используется для задания фона элемента в CSS?",
        "55. Какой метод HTTP используется для отправки данных на сервер?": "B) POST",
        "56. Что делает тег <a> в HTML?": "B) Создаёт ссылку",
        "57. Какой тег используется для определения заголовка страницы в HTML?": "B) <title>",
        "58. Какой язык программирования используется для создания динамических веб-страниц на стороне сервера?": "C) JavaScript",
        "59. Что такое AJAX?": "C) Технология асинхронных запросов к серверу",
        "60. Для чего используется CSS Flexbox?": "C) Для создания гибких макетов",
        "61. Что такое DOM в контексте веб-программирования?": "B) Объектная модель документа",
        "62. Какой атрибут HTML указывает путь к файлу при использовании тега <img>?": "B) src",
        "63. Какой тег HTML используется для создания списка?": " C) <ul>",
        "64. Как создать ссылку на другой сайт с помощью тега <a> в HTML?": "C) <a href=\"http://example.com\">Click here</a>",
        "65. Что такое JavaScript?": "B) Язык программирования для создания интерактивных веб-страниц",
        "66. Какой тег используется для создания таблицы в HTML?": "C) <table>",
        "67. Какой атрибут используется для задания альтернативного текста изображения в HTML?": "B) alt",
        "68. Какой из этих способов не используется для стилизации текста в CSS?": "D) color-coding",
        "69. Как вставить внешний файл CSS в HTML?": "C) <link rel=\"stylesheet\" href=\"styles.css\">",
        "70. Как задать цвет фона страницы в CSS?": "C) background: blue;",
        "71. Что делает метод fetch() в JavaScript?": "B) Осуществляет асинхронные HTTP-запросы",
        "72. Какой тег используется для вставки видео в HTML?": "C) <video>",
        "73. Что такое HTTP?": "C) Протокол передачи гипертекстовых данных",
        "74. Что означает слово \"responsive\" в контексте веб-дизайна?": "B) Адаптивность дизайна под разные устройства",
        "75. Что такое Cookie в контексте веб-программирования?": "C) Маленькие файлы, хранящие информацию на клиентской стороне",
        "76. Какой атрибут используется для задания ширины элемента изображения в HTML?": "B) width",
        "77. Для чего используется JavaScript функция addEventListener()?": "C) Для добавления обработчика событий",
        "78. Какой тег используется для создания формы в HTML?": "C) <form>",
        "79. Какой атрибут тега <input> позволяет создавать кнопку отправки формы?": "C) type=\"submit\"",
        "80. Какой язык используется для описания структуры данных на сервере в веб-программировании?": "C) JSON",
        "81. Какой из этих методов не используется для отправки данных с клиента на сервер?": "B) LOAD",
        "82. Что такое API?": "C) Интерфейс для взаимодействия между программами",
        "83. Как называется структура данных, которая хранит ключ-значение?": "D) Объект",
        "84. Какой метод используется для добавления элемента в конец массива в JavaScript?": "C) push()",
        "85. Что делает команда document.querySelector() в JavaScript?": "C) Возвращает первый элемент, соответствующий CSS-селектору",
        "86. Для чего используется свойство z-index в CSS?": "B) Для управления слоями элементов",
        "87. Какой тег HTML используется для создания выпадающего списка?": "B) <select>",
        "88. Какой из этих фреймворков является популярным для фронтенд-разработки?": "C) React",
        "89. Для чего используется атрибут href в теге <a>?": "B) Для указания ссылки на другой ресурс",
        "90. Какой тег используется для создания таблицы стилей в HTML?": "B) <style>",
        "91. Какой из этих тегов используется для вставки внешнего скрипта в HTML?": "D) <script src=\"file.js\">",
        "92. Какой из этих атрибутов используется для задания класса элемента в HTML?": "C) class",
        "93. Какой тег HTML используется для выделения важного текста?": "C) <strong>",
        "94. Что делает метод setInterval() в JavaScript?": "B) Выполняет функцию через определённые интервалы времени",
        "95. Какой тег используется для создания выпадающего списка в HTML?": "B) <select>",
        "96. Какой атрибут HTML задаёт действие формы?": "D) action",
        "97. Какой атрибут задаёт тип данных, который будет отправлен на сервер при отправке формы?": "B) enctype",
        "98. Какой метод HTTP используется для получения данных с сервера?": "B) GET",
        "99. Какой язык используется для работы с базами данных в веб-программировании?": "C) SQL",
        "100. Для чего используется атрибут placeholder в теге <input>?" :  "B) Для задания текста-подсказки в поле ввода",
        "101. Какой оператор используется для вывода данных на экран в C++?" : "D) cout",
        "102. Какой тип данных используется для хранения целых чисел в C++?" : "A) float",
        "103. Какой из типов данных используется для хранения текста в C++?" : "D) string",
        "104. Какой из операторов используется для вычисления остатка от деления?": "D) %",
        "105. Как объявить переменную типа float в C++?" : " C) float var;",
        "106. Что делает команда cin в C++?" : "B) Считывает данные с клавиатуры",
        "107. Какой из этих операторов используется для сравнения двух значений на равенство?": " C) ==",
        "108. Какой из следующих типов данных является логическим?" : "D) bool",
        "109. Какой из типов данных используется для хранения символов в C++?" : "C) char",
        "110. Какое ключевое слово используется для объявления функции в C++?" : "C) void",
        "111. Какое значение возвращает логическое выражение 5 > 3?" : " C) True",
        "112. Что делает функция strlen в C++?" : "B) Измеряет длину строки",
        "113. Как объявить указатель на целое число в C++?" : "D) int* pointer;",
        "114. Какой из этих операторов является побитовым оператором?" : " C) &",
        "115. Какой из этих методов является конструктором в C++?" : "B) ClassName()",
        "116. Какой результат будет у выражения 7 / 3 в C++?" : " D) 2",
        "117. Какой оператор используется для присваивания значений переменным в C++?" : "B) =",
        "118. Какой из этих методов используется для выделения памяти динамически в C++?" : " B) new",
        "119. Какой из этих методов освобождает динамически выделенную память в C++?" : " B) delete" ,
        "120. Как объявить массив из 5 целых чисел в C++?" : " B) int arr[5]",
        "121. Какой результат будет у выражения 5 + \"Hello\" в C++?" : "D) Ошибка выполнения",
        "122. Какое значение будет у переменной после выполнения кода int x = 5; x += 3;?" : "D) 8",
        "123. Что выведет следующая программа?" : " B) 11",
        "124. Какой оператор используется для инкремента (увеличения) значения на 1?" : "C) ++" ,
        "125. Какой оператор используется для декремента (уменьшения) значения на 1?" : "B) --",
        "126. Как в C++ объявить функцию, которая не возвращает значения?" : "D) void function();",
        "127. Как объявить функцию с параметром в C++?" : "B) void function(int x);",
        "128. Что выведет следующая программа?" : "B) Equal",
        "129. Какой тип данных используется для хранения вещественных чисел с двойной точностью?" : "C) double",
        "130. Что такое указатель в C++?" : " C) Переменная, хранящая адрес другой переменной.",
        "131. Какой метод используется для получения длины строки в C++?" : "B) size()",
        "132. Какой символ используется для комментариев в C++?" : "B) //",
        "133. Какой тип данных используется для хранения большого целого числа?" : "D) long",
        "134. Какое значение будет у переменной x после выполнения следующего кода:\ncpp " : " C) 10",
        "135. Какой ключевой слово используется для создания экземпляра класса?" : " D) new",
        "136. Какой символ используется для объединения строк в C++?" : "C) +",
        "137  Какой из этих методов используется для сравнения строк в C++?" : "D) strcmp()",
        "138. Какой результат будет у следующего кода cpp\nКопироватьРедактировать\nint x = 10;\nint y = 3;\ncout << x / y;? " : "D) 3",
        "139. Какой тип данных используется для хранения одиночных символов в C++?" : "B) char",
        "140. Какой метод используется для преобразования строки в целое число в C++?" : "C) stoi()",
        "141. Какой тип данных используется для хранения числа с плавающей точкой одинарной точности в C++?" : "C) float",
        "142. Какой из операторов используется для побитового сдвига влево в C++?" : "D) <<",
        "143. Какой ключевой слов используется для выхода из цикла в C++?" : " C) break",
        "144. Какой из этих методов применяется для сортировки массива в C++?" : "C) sort()",
        "145. Какой результат будет у следующего кода?\ncpp\nКопироватьРедактировать\nint x = 4;\nint y = 2;\nx += y;\ncout << x;?" : "C) 6",
        "146. Какой оператор используется для получения адреса переменной в C++?" : "C) &",
        "147. Какой метод применяется для получения размера массива в C++?" : "B) sizeof()",
        "148. Какой результат будет у следующего кода?\ncpp\nКопироватьРедактировать\nint x = 7;\nint y = 4;\ncout << x % y;? " : "C) 3",
        "149. Какой метод применяется для преобразования целого числа в строку в C++?" : " C) to_string()",
        "150. Какое ключевое слово используется для создания констант в C++?" : "D) const",
        "151. Какой тип данных используется для хранения значения логической переменной в ": "D) bool",
        "152. Какой из этих операторов используется для побитового И в C++?": "D) &",
        "153. Какое значение будет у переменной x после выполнения следующего кода?\ncpp\nКопироватьРедактировать\nint x = 10;x = x / 3;": "B) 3",
        "154. Какой метод используется для очистки содержимого контейнера в C++?": " D) clear()",
        "155. Какой результат будет у следующего кода?\ncpp\nКопироватьРедактировать\nint x = 3;\nint y = 4;\ncout << (x > y);": "C) 0",
        "156. Что произойдёт при попытке деления на ноль в C++?": " B) Некорректный результат или исключение",
        "157. Какой из этих типов данных используется для работы с большими числами с плавающей точкой?": "B) double",
        "158. Какой символ используется для комментариев в несколько строк в C++?": " B) /* */",
        "159. Какой из этих операторов используется для побитового ИЛИ в C++?": "C) |",
        "160. Что происходит при использовании ключевого слова static в C++?": "B) Переменная сохраняет своё значение в пределах функции или класса",
        "161. Какой из этих операторов используется для обращения к членам структуры в C++?": "C) .",
        "162. Какую ошибку вызывает следующий код?\ncpp\nКопироватьРедактировать\nint arr[5] = {1, 2, 3};\ncout << arr[5];": "B) Ошибка выполнения (выход за границы массива)",
        "163. Какой из этих типов данных позволяет хранить символы в C++?": "D) char",
        "164. Какой результат будет у следующего кода?\ncpp\nКопироватьРедактировать\nint x = 5;\nx++;\ncout << x;": "B) 6",
        "165. Какой метод используется для получения значения максимальной длины строки в C++?": "D) max_size()",
        "166. Что происходит, если в C++ попытаться разыменовать NULL указатель?": " C) Поведение программы становится неопределённым",
        "167. Какой оператор используется для выполнения побитового исключающего ИЛИ в C++?": " C) ^",
        "168. Как можно создать массив в C++?": " D) int arr[3] = {1, 2, 3};",
        "169. Какой из этих методов используется для получения абсолютного значения числа в C++?": "C) abs()",
        "170. Какой результат будет у следующего кода?\ncpp\nКопироватьРедактировать\nint x = 5;\nint y = 2;\ncout << x / y;": "D) 2",
        "171. Какой результат будет у следующего кода?\ncpp\nКопироватьРедактировать\nint x = 10;\nint y = 5;\ncout << x % y;": "B) 0",
        "172. Что делает функция malloc() в C++?": "C) Выделяет динамическую память",
        "173. Какой из этих типов данных имеет наибольшую точность в C++?": " B) double",
        "174. Какой из этих операторов используется для логического И в C++?": "B) &&",
        "175. Какой из этих типов данных используется для хранения строки в C++?": "D) string",
        "176. Что выведет следующий код?\ncpp\nКопироватьРедактировать\ncout << \"Hello, World!\";": "B) Hello, World!",
        "177. Какой результат будет у следующего кода?\ncpp\nКопироватьРедактировать\nint a = 7;\nint b = 3;\ncout << a / b;": "B) 2",
        "178. Какой метод используется для добавления элемента в конец списка в C++?": "B) push_back()",
        "179. Что такое перегрузка оператора в C++?": "C) Определение новых значений для операторов для пользовательских типов данных",
        "180. Что выведет следующий код?\ncpp\nКопироватьРедактировать\nint x = 10;\nint y = 2;\ncout << x - y;": "C) 8",
        "181. Что делает ключевое слово new в C++?": "C) Выделяет память в динамической памяти",
        "182. Какой результат будет у следующего кода?\ncpp\nКопироватьРедактировать\nint x = 7;\ncout << ++x;": "B) 8",
        "183. Как в C++ создать динамический массив?": " D) int* arr = new int[5];",
        "184. Какой из этих типов данных может хранить только одно значение?": " D) char",
        "185. Что происходит при обращении к элементу массива с индексом, выходящим за пределы его размера в C++?": "B) Поведение программы неопределено",
        "186. Как в C++ вывести строку с новой строки?\ncpp\nКопироватьРедактировать\ncout << \"Hello\" << endl;": "C) endl выводит строку и переводит курсор на новую строку",
        "187. Какое значение имеет переменная x после выполнения следующего кода?\ncpp\nКопироватьРедактировать\nint x = 5;\nx *= 2;": "B) 10",
        "188. Что делает функция cin в C++?": "B) Вводит данные с клавиатуры",
        "189. Какой из этих вариантов используется для обработки исключений в C++?": "B) try-catch",
        "190. Что выведет следующий код?\ncpp\nКопироватьРедактировать\nint x = 5;\nint y = 3;\ncout << x % y;": "D) 2",
        "191. Какой результат будет у следующего кода?\ncpp\nКoпироватьРедактировать\nint x = 10;\ncout << x / y;": "B) 2",
        "192. Что такое указатели в C++?": "B) Переменные, которые хранят адреса других переменных",
        "193. Что выводит следующий код?\ncpp\nКопироватьРедактировать\nint a = 3, b = 5;\ncout << a + b * 2;": "B) 13",
        "194. Что такое массив в C++?": " C) Коллекция данных одного типа",
        "195. Какое ключевое слово используется для создания функции, которая не возвращает значений?": "C) void",
        "196. Какой оператор используется для выделения памяти на куче в C++?": "D) new",
        "197. Какой результат будет у следующего кода?\ncpp\nКопироватьРедактировать\nint x = 10;\ncout << x++ + ++x;": " B) 21",
        "198. Что выведет следующий код?\ncpp\nКопироватьРедактировать\nint x = 5;\nx = x * 2 + 3;\ncout << x;": "B) 13",
        "199. Что выведет следующий код?\ncpp\nКопироватьРедактировать\nint x = 10;\nint y = 3;\ncout << x / y;": " C) 3",
        "200. Какой результат будет у следующего кода?\ncpp\nКопироватьРедактировать\nint x = 2;\nint y = 3;\ncout << x * y;": " B) 6"
    }]
}

